<?xml version="1.0" encoding="UTF-8"?><rss version="2.0"
	xmlns:content="http://purl.org/rss/1.0/modules/content/"
	xmlns:dc="http://purl.org/dc/elements/1.1/"
	xmlns:atom="http://www.w3.org/2005/Atom"
	xmlns:sy="http://purl.org/rss/1.0/modules/syndication/"
	
	xmlns:georss="http://www.georss.org/georss"
	xmlns:geo="http://www.w3.org/2003/01/geo/wgs84_pos#"
	
	>
<channel>
	<title>
	Comments on: Quần Short Lưng Thun Trên Gối Vải Dù Nhanh Khô Trơn Dáng Rộng Đơn Giản No Style 42	</title>
	<atom:link href="/san-pham/ao-thun-co-tron-tay-ngan-vai-cotton-2-chieu-tham-hut-bieu-tuong-dang-rong-bst-thiet-ke-jhs-36-copy/feed/" rel="self" type="application/rss+xml" />
	<link>/san-pham/ao-thun-co-tron-tay-ngan-vai-cotton-2-chieu-tham-hut-bieu-tuong-dang-rong-bst-thiet-ke-jhs-36-copy/</link>
	<description></description>
	<lastBuildDate>Wed, 18 Oct 2023 12:38:27 +0000</lastBuildDate>
	<sy:updatePeriod>
	hourly	</sy:updatePeriod>
	<sy:updateFrequency>
	1	</sy:updateFrequency>
	<generator>https://wordpress.org/?v=6.3.2</generator>
</channel>
</rss>
