<?xml version="1.0" encoding="UTF-8"?><rss version="2.0"
	xmlns:content="http://purl.org/rss/1.0/modules/content/"
	xmlns:wfw="http://wellformedweb.org/CommentAPI/"
	xmlns:dc="http://purl.org/dc/elements/1.1/"
	xmlns:atom="http://www.w3.org/2005/Atom"
	xmlns:sy="http://purl.org/rss/1.0/modules/syndication/"
	xmlns:slash="http://purl.org/rss/1.0/modules/slash/"
	
	xmlns:georss="http://www.georss.org/georss"
	xmlns:geo="http://www.w3.org/2003/01/geo/wgs84_pos#"
	>

<channel>
	<title>Chưa phân loại &#8211; Man&#039;Fashion</title>
	<atom:link href="/danh-muc-san-pham/chua-phan-loai/feed/" rel="self" type="application/rss+xml" />
	<link></link>
	<description></description>
	<lastBuildDate>Wed, 18 Oct 2023 13:11:27 +0000</lastBuildDate>
	<language>en-GB</language>
	<sy:updatePeriod>
	hourly	</sy:updatePeriod>
	<sy:updateFrequency>
	1	</sy:updateFrequency>
	<generator>https://wordpress.org/?v=6.3.2</generator>
	<item>
		<title>Quần Dài Lưng Thun Ống Đứng Vải Denim Co Giãn Trơn Dáng Vừa Đơn Giản Y2010 Originals Ver10</title>
		<link>/san-pham/quan-dai-lung-thun-ong-dung-vai-denim-co-gian-tron-dang-vua-don-gian-y2010-originals-ver10/</link>
					<comments>/san-pham/quan-dai-lung-thun-ong-dung-vai-denim-co-gian-tron-dang-vua-don-gian-y2010-originals-ver10/#respond</comments>
		
		<dc:creator><![CDATA[Bảo Nun]]></dc:creator>
		<pubDate>Wed, 18 Oct 2023 13:09:12 +0000</pubDate>
				<guid isPermaLink="false">/?post_type=product#038;p=62</guid>

					<description><![CDATA[Quần Dài Trouser Đơn Giản Y Nguyên Bản Ver10
Chất liệu: Kaki nhung
Thành phần: 55% Cotton 27% Nylon 15% Rayon 3% Spandex]]></description>
										<content:encoded><![CDATA[<p><img decoding="async" fetchpriority="high" src="/wp-content/uploads/2023/10/50139ec4-2875-0100-0356-00195dfdde59.jpg" alt="Bảng size" width="800" height="592" class="alignnone size-full wp-image-32" /><br />
<img decoding="async" src="/wp-content/uploads/2023/10/e68158cc-4469-7701-223a-00193153914d.jpg" alt="" width="800" height="1851" class="alignnone size-full wp-image-63" /></p>
]]></content:encoded>
					
					<wfw:commentRss>/san-pham/quan-dai-lung-thun-ong-dung-vai-denim-co-gian-tron-dang-vua-don-gian-y2010-originals-ver10/feed/</wfw:commentRss>
			<slash:comments>0</slash:comments>
		
		
			</item>
		<item>
		<title>Áo Sơ Mi Cổ Bẻ Tay Dài Vải Cotton Thấm Hút Trơn Dáng Rộng Đơn Giản No Style 31</title>
		<link>/san-pham/ao-so-mi-co-be-tay-dai-vai-cotton-tham-hut-tron-dang-rong-don-gian-no-style-31/</link>
					<comments>/san-pham/ao-so-mi-co-be-tay-dai-vai-cotton-tham-hut-tron-dang-rong-don-gian-no-style-31/#respond</comments>
		
		<dc:creator><![CDATA[Bảo Nun]]></dc:creator>
		<pubDate>Wed, 18 Oct 2023 12:39:26 +0000</pubDate>
				<guid isPermaLink="false">/?post_type=product#038;p=59</guid>

					<description><![CDATA[Chất liệu: Cotton Poly
Thành phần: 72% Cotton 28% Polyester
- Thoáng mát
- Thấm hút mồ hôi
- Hút ẩm tốt
- Hạ nhiệt và làm mát cơ thể
- Độ bền tương đối cao
- Mềm mịn
+ Vạt áo dạng vạt bầu
+ Túi áo trước ngực tiện lợi hình thêu tinh tế
+ Lá cổ cài khuy giúp định hình cổ áo]]></description>
										<content:encoded><![CDATA[<p><img decoding="async" src="/wp-content/uploads/2023/10/50139ec4-2875-0100-0356-00195dfdde59.jpg" alt="Bảng size" width="800" height="592" class="alignnone size-full wp-image-32" /><br />
<img decoding="async" loading="lazy" src="/wp-content/uploads/2023/10/9d6f99c0-41eb-7302-51c0-001a29a671fd.jpg" alt="" width="800" height="2592" class="alignnone size-full wp-image-60" /></p>
]]></content:encoded>
					
					<wfw:commentRss>/san-pham/ao-so-mi-co-be-tay-dai-vai-cotton-tham-hut-tron-dang-rong-don-gian-no-style-31/feed/</wfw:commentRss>
			<slash:comments>0</slash:comments>
		
		
			</item>
		<item>
		<title>Quần Short Lưng Thun Trên Gối Vải Dù Nhanh Khô Trơn Dáng Rộng Đơn Giản No Style 42</title>
		<link>/san-pham/ao-thun-co-tron-tay-ngan-vai-cotton-2-chieu-tham-hut-bieu-tuong-dang-rong-bst-thiet-ke-jhs-36-copy/</link>
					<comments>/san-pham/ao-thun-co-tron-tay-ngan-vai-cotton-2-chieu-tham-hut-bieu-tuong-dang-rong-bst-thiet-ke-jhs-36-copy/#respond</comments>
		
		<dc:creator><![CDATA[Bảo Nun]]></dc:creator>
		<pubDate>Wed, 18 Oct 2023 12:35:46 +0000</pubDate>
				<guid isPermaLink="false">/?post_type=product#038;p=56</guid>

					<description><![CDATA[Chất liệu: Polyester
Thành phần: 100% Polyester
- Thấm hút
- Nhanh khô
- Rộng rãi thoải mái
+ Dây thắt lưng đàn hồi được khâu để đảm bảo vừa vặn cơ thể hơ]]></description>
										<content:encoded><![CDATA[<p><img decoding="async" loading="lazy" src="/wp-content/uploads/2023/10/50139ec4-2875-0100-0356-00195dfdde59.jpg" alt="Bảng size" width="800" height="592" class="alignnone size-full wp-image-32" /><br />
<img decoding="async" loading="lazy" src="/wp-content/uploads/2023/10/bae626e1-0252-a201-acf8-001a29912279.jpg" alt="" width="800" height="860" class="alignnone size-full wp-image-57" /></p>
]]></content:encoded>
					
					<wfw:commentRss>/san-pham/ao-thun-co-tron-tay-ngan-vai-cotton-2-chieu-tham-hut-bieu-tuong-dang-rong-bst-thiet-ke-jhs-36-copy/feed/</wfw:commentRss>
			<slash:comments>0</slash:comments>
		
		
			</item>
		<item>
		<title>Áo Sơ Mi Cổ Bẻ Tay Dài Sợi Tự Nhiên Ít Nhăn Trơn Dáng Vừa Đơn Giản Gu Tối Giản M11 Gam Lạnh</title>
		<link>/san-pham/ao-so-mi-co-be-tay-dai-soi-tu-nhien-it-nhan-tron-dang-vua-don-gian-gu-toi-gian-m11-gam-lanh-copy-2/</link>
					<comments>/san-pham/ao-so-mi-co-be-tay-dai-soi-tu-nhien-it-nhan-tron-dang-vua-don-gian-gu-toi-gian-m11-gam-lanh-copy-2/#respond</comments>
		
		<dc:creator><![CDATA[Bảo Nun]]></dc:creator>
		<pubDate>Mon, 16 Oct 2023 18:23:22 +0000</pubDate>
				<guid isPermaLink="false">/?post_type=product#038;p=39</guid>

					<description><![CDATA[Chất liệu: Kate
Thành phần: 12% modal và 88% superfine
- Ít nhăn và dễ ủi
- Nhanh khô và thoáng mát
HDSD:
- Áo sơ mi màu phơi trong bóng râm để tránh bạc màu phần vai áo
- Áo sơ mi trắng có thể phơi ngoài nắng để áo trắng sáng hơn ( không phơi quá lâu )
<div class="ddict_btn" style="top: 250px; left: 610.562px;"><img src="chrome-extension://bpggmmljdiliancllaapiggllnkbjocb/logo/48.png" /></div>]]></description>
										<content:encoded><![CDATA[<p><img decoding="async" loading="lazy" src="/wp-content/uploads/2023/10/50139ec4-2875-0100-0356-00195dfdde59.jpg" alt="Bảng size" width="800" height="592" class="alignnone size-full wp-image-32" /><br />
<img decoding="async" loading="lazy" src="/wp-content/uploads/2023/10/73b0d6d5-e175-0200-2695-00195ca23fe8.jpg" alt="" width="800" height="1288" class="alignnone size-full wp-image-33" /></p>
]]></content:encoded>
					
					<wfw:commentRss>/san-pham/ao-so-mi-co-be-tay-dai-soi-tu-nhien-it-nhan-tron-dang-vua-don-gian-gu-toi-gian-m11-gam-lanh-copy-2/feed/</wfw:commentRss>
			<slash:comments>0</slash:comments>
		
		
			</item>
		<item>
		<title>Áo Sơ Mi Cổ Mở Tay Ngắn Vải Cotton Thấm Hút Trơn Dáng Rộng Đơn Giản Y2010 Originals Ver11</title>
		<link>/san-pham/ao-so-mi-co-mo-tay-ngan-vai-cotton-tham-hut-tron-dang-rong-don-gian-y2010-originals-ver11-den-copy/</link>
					<comments>/san-pham/ao-so-mi-co-mo-tay-ngan-vai-cotton-tham-hut-tron-dang-rong-don-gian-y2010-originals-ver11-den-copy/#respond</comments>
		
		<dc:creator><![CDATA[Bảo Nun]]></dc:creator>
		<pubDate>Mon, 16 Oct 2023 18:23:04 +0000</pubDate>
				<guid isPermaLink="false">/?post_type=product#038;p=38</guid>

					<description><![CDATA[Sơ Mi Cổ Danton Đơn Giản Y Nguyên Bản Ver11
Chất liệu: Kate
Thành phần: 65% cotton 35% poly
- Họa tiết thêu thường]]></description>
										<content:encoded><![CDATA[<p><img decoding="async" loading="lazy" src="/wp-content/uploads/2023/10/50139ec4-2875-0100-0356-00195dfdde59.jpg" alt="Bảng size" width="800" height="592" class="alignnone size-full wp-image-32" /><br />
<img decoding="async" loading="lazy" src="/wp-content/uploads/2023/10/c8f11b96-ad70-0701-42e3-0019151e55b9.jpg" alt="" width="800" height="1851" class="alignnone size-full wp-image-36" /></p>
]]></content:encoded>
					
					<wfw:commentRss>/san-pham/ao-so-mi-co-mo-tay-ngan-vai-cotton-tham-hut-tron-dang-rong-don-gian-y2010-originals-ver11-den-copy/feed/</wfw:commentRss>
			<slash:comments>0</slash:comments>
		
		
			</item>
		<item>
		<title>Áo Thun Cổ Tròn Tay Ngắn Vải Cotton 2 Chiều Thấm Hút Trơn Dáng Rộng Đơn Giản Gu Tối Giản M11</title>
		<link>/san-pham/ao-so-mi-co-be-tay-dai-soi-tu-nhien-it-nhan-tron-dang-vua-don-gian-gu-toi-gian-m11-gam-lanh-copy/</link>
					<comments>/san-pham/ao-so-mi-co-be-tay-dai-soi-tu-nhien-it-nhan-tron-dang-vua-don-gian-gu-toi-gian-m11-gam-lanh-copy/#respond</comments>
		
		<dc:creator><![CDATA[Bảo Nun]]></dc:creator>
		<pubDate>Mon, 16 Oct 2023 18:22:42 +0000</pubDate>
				<guid isPermaLink="false">/?post_type=product#038;p=37</guid>

					<description><![CDATA[Áo Thun Cổ Tròn Tối Giản M11
Chất liệu: Cotton Compact 2C
Thành phần: 100% Cotton
- Thân thiện
- Thấm hút thoát ẩm
- Mềm mại
- Kiểm soát mùi
- Điều hòa nhiệt
+ Họa tiết may logo kim loại
- HDSD:
+ Nên giặt chung với sản phẩm cùng màu
+ Không dùng thuốc tẩy hoặc xà phòng có tính tẩy mạnh
+ Nên phơi trong bóng râm để giữ sp bền màu]]></description>
										<content:encoded><![CDATA[<p><img decoding="async" loading="lazy" src="/wp-content/uploads/2023/10/50139ec4-2875-0100-0356-00195dfdde59.jpg" alt="Bảng size" width="800" height="592" class="alignnone size-full wp-image-32" /><br />
<img decoding="async" loading="lazy" src="/wp-content/uploads/2023/10/28408c72-5d9a-8401-bfaf-0019315bb5ff.jpg" alt="" width="800" height="2592" class="alignnone size-full wp-image-49" /></p>
]]></content:encoded>
					
					<wfw:commentRss>/san-pham/ao-so-mi-co-be-tay-dai-soi-tu-nhien-it-nhan-tron-dang-vua-don-gian-gu-toi-gian-m11-gam-lanh-copy/feed/</wfw:commentRss>
			<slash:comments>0</slash:comments>
		
		
			</item>
		<item>
		<title>Quần Short Lưng Thun Trên Gối Vải Denim Co Giãn Biểu Tượng Dáng Rộng BST Thiết Kế Space Ver7</title>
		<link>/san-pham/ao-so-mi-co-mo-tay-ngan-vai-cotton-tham-hut-tron-dang-rong-don-gian-y2010-originals-ver11-den/</link>
					<comments>/san-pham/ao-so-mi-co-mo-tay-ngan-vai-cotton-tham-hut-tron-dang-rong-don-gian-y2010-originals-ver11-den/#respond</comments>
		
		<dc:creator><![CDATA[Bảo Nun]]></dc:creator>
		<pubDate>Mon, 16 Oct 2023 17:23:31 +0000</pubDate>
				<guid isPermaLink="false">/?post_type=product#038;p=34</guid>

					<description><![CDATA[Quần Short Ngân Hà Space Ver7
Chất liệu : Kaki
Thành phần : 58% Cotton 40% Polyester 2% Spandex
+ Họa tiết thêu + kẹp logo]]></description>
										<content:encoded><![CDATA[<p><img decoding="async" loading="lazy" src="/wp-content/uploads/2023/10/50139ec4-2875-0100-0356-00195dfdde59.jpg" alt="Bảng size" width="800" height="592" class="alignnone size-full wp-image-32" /><br />
<img decoding="async" loading="lazy" src="/wp-content/uploads/2023/10/da6ccec9-f530-ef01-89b3-001957c01018.jpg" alt="" width="800" height="1851" class="alignnone size-full wp-image-53" /></p>
]]></content:encoded>
					
					<wfw:commentRss>/san-pham/ao-so-mi-co-mo-tay-ngan-vai-cotton-tham-hut-tron-dang-rong-don-gian-y2010-originals-ver11-den/feed/</wfw:commentRss>
			<slash:comments>0</slash:comments>
		
		
			</item>
		<item>
		<title>Áo Thun Cổ Tròn Tay Ngắn Vải Cotton 2 Chiều Thấm Hút Biểu Tượng Dáng Rộng BST Thiết Kế JHS 36</title>
		<link>/san-pham/ao-so-mi-nam/</link>
					<comments>/san-pham/ao-so-mi-nam/#respond</comments>
		
		<dc:creator><![CDATA[Bảo Nun]]></dc:creator>
		<pubDate>Mon, 16 Oct 2023 13:58:32 +0000</pubDate>
				<guid isPermaLink="false">/?post_type=product#038;p=29</guid>

					<description><![CDATA[Chất liệu: Cotton Compact 2S
Thành phần: 100% Cotton
- Thấm hút thoát ẩm
- Mềm mại
- Thân thiện
- Kiểm soát mùi
- Điều hòa nhiệt
+ Kỹ thuật in trame + in cao + in dập
+ Thiết kế cổ tròn
+ Sử dụng bo dệt cotton làm cổ áo]]></description>
										<content:encoded><![CDATA[<p><img decoding="async" loading="lazy" src="/wp-content/uploads/2023/10/50139ec4-2875-0100-0356-00195dfdde59.jpg" alt="Bảng size" width="800" height="592" class="alignnone size-full wp-image-32" /><br />
<img decoding="async" loading="lazy" src="/wp-content/uploads/2023/10/9c85d823-879e-9302-56a4-001a657295e7.jpg" alt="" width="800" height="2296" class="alignnone size-full wp-image-54" /></p>
]]></content:encoded>
					
					<wfw:commentRss>/san-pham/ao-so-mi-nam/feed/</wfw:commentRss>
			<slash:comments>0</slash:comments>
		
		
			</item>
	</channel>
</rss>
