<?xml version="1.0" encoding="UTF-8"?><rss version="2.0"
	xmlns:content="http://purl.org/rss/1.0/modules/content/"
	xmlns:dc="http://purl.org/dc/elements/1.1/"
	xmlns:atom="http://www.w3.org/2005/Atom"
	xmlns:sy="http://purl.org/rss/1.0/modules/syndication/"
	
	xmlns:georss="http://www.georss.org/georss"
	xmlns:geo="http://www.w3.org/2003/01/geo/wgs84_pos#"
	
	>
<channel>
	<title>
	Comments on: Áo Sơ Mi Cổ Bẻ Tay Dài Sợi Tự Nhiên Ít Nhăn Trơn Dáng Vừa Đơn Giản Gu Tối Giản M11 Gam Lạnh	</title>
	<atom:link href="/san-pham/ao-so-mi-co-be-tay-dai-soi-tu-nhien-it-nhan-tron-dang-vua-don-gian-gu-toi-gian-m11-gam-lanh-copy-2/feed/" rel="self" type="application/rss+xml" />
	<link>/san-pham/ao-so-mi-co-be-tay-dai-soi-tu-nhien-it-nhan-tron-dang-vua-don-gian-gu-toi-gian-m11-gam-lanh-copy-2/</link>
	<description></description>
	<lastBuildDate>Wed, 18 Oct 2023 12:39:13 +0000</lastBuildDate>
	<sy:updatePeriod>
	hourly	</sy:updatePeriod>
	<sy:updateFrequency>
	1	</sy:updateFrequency>
	<generator>https://wordpress.org/?v=6.3.2</generator>
</channel>
</rss>
