<?xml version="1.0" encoding="UTF-8"?><rss version="2.0"
	xmlns:content="http://purl.org/rss/1.0/modules/content/"
	xmlns:wfw="http://wellformedweb.org/CommentAPI/"
	xmlns:dc="http://purl.org/dc/elements/1.1/"
	xmlns:atom="http://www.w3.org/2005/Atom"
	xmlns:sy="http://purl.org/rss/1.0/modules/syndication/"
	xmlns:slash="http://purl.org/rss/1.0/modules/slash/"
	
	xmlns:georss="http://www.georss.org/georss"
	xmlns:geo="http://www.w3.org/2003/01/geo/wgs84_pos#"
	>

<channel>
	<title>Image Product &#8211; Man&#039;Fashion</title>
	<atom:link href="/category/image-product/feed/" rel="self" type="application/rss+xml" />
	<link></link>
	<description></description>
	<lastBuildDate>Mon, 06 Nov 2023 16:45:52 +0000</lastBuildDate>
	<language>en-GB</language>
	<sy:updatePeriod>
	hourly	</sy:updatePeriod>
	<sy:updateFrequency>
	1	</sy:updateFrequency>
	<generator>https://wordpress.org/?v=6.3.2</generator>
	<item>
		<title></title>
		<link>/2023/11/06/81/</link>
		
		<dc:creator><![CDATA[Bảo Nun]]></dc:creator>
		<pubDate>Mon, 06 Nov 2023 16:44:57 +0000</pubDate>
				<category><![CDATA[Image Product]]></category>
		<guid isPermaLink="false">/?p=81</guid>

					<description><![CDATA[]]></description>
										<content:encoded><![CDATA[
<div class="wp-block-jetpack-tiled-gallery aligncenter is-style-rectangular has-rounded-corners-10"><div class="tiled-gallery__gallery"><div class="tiled-gallery__row"><div class="tiled-gallery__col" style="flex-basis:33.33333%"><figure class="tiled-gallery__item"><img decoding="async" srcset="/wp-content/uploads/2023/10/a956e159-8c3e-5a00-ca99-001a298617d5.jpg?strip=info#038;w=540 540w" alt="" data-height="739" data-id="61" data-link="/?attachment_id=61" data-url="/wp-content/uploads/2023/10/a956e159-8c3e-5a00-ca99-001a298617d5.jpg" data-width="540" src="/wp-content/uploads/2023/10/a956e159-8c3e-5a00-ca99-001a298617d5.jpg" data-amp-layout="responsive"/></figure></div><div class="tiled-gallery__col" style="flex-basis:33.33333%"><figure class="tiled-gallery__item"><img decoding="async" srcset="/wp-content/uploads/2023/10/6e7abfb7-acbe-1a00-0eb7-0019312c3016.jpg?strip=info#038;w=540 540w" alt="" data-height="739" data-id="50" data-link="/?attachment_id=50" data-url="/wp-content/uploads/2023/10/6e7abfb7-acbe-1a00-0eb7-0019312c3016.jpg" data-width="540" src="/wp-content/uploads/2023/10/6e7abfb7-acbe-1a00-0eb7-0019312c3016.jpg" data-amp-layout="responsive"/></figure></div><div class="tiled-gallery__col" style="flex-basis:33.33333%"><figure class="tiled-gallery__item"><img decoding="async" srcset="/wp-content/uploads/2023/10/429cf36f-fd34-a600-36ce-00191515f621-1.jpg?strip=info#038;w=540 540w" alt="" data-height="739" data-id="42" data-link="/429cf36f-fd34-a600-36ce-00191515f621-2/" data-url="/wp-content/uploads/2023/10/429cf36f-fd34-a600-36ce-00191515f621-1.jpg" data-width="540" src="/wp-content/uploads/2023/10/429cf36f-fd34-a600-36ce-00191515f621-1.jpg" data-amp-layout="responsive"/></figure></div></div><div class="tiled-gallery__row"><div class="tiled-gallery__col" style="flex-basis:50.00000%"><figure class="tiled-gallery__item"><img decoding="async" srcset="/wp-content/uploads/2023/10/c6eecac0-d2af-1000-e5ba-00195ca27704-1.jpg?strip=info#038;w=540 540w" alt="" data-height="739" data-id="45" data-link="/c6eecac0-d2af-1000-e5ba-00195ca27704-1/" data-url="/wp-content/uploads/2023/10/c6eecac0-d2af-1000-e5ba-00195ca27704-1.jpg" data-width="540" src="/wp-content/uploads/2023/10/c6eecac0-d2af-1000-e5ba-00195ca27704-1.jpg" data-amp-layout="responsive"/></figure></div><div class="tiled-gallery__col" style="flex-basis:50.00000%"><figure class="tiled-gallery__item"><img decoding="async" srcset="/wp-content/uploads/2023/10/aa5b4096-8816-8b00-e0a6-001931327057.jpg?strip=info#038;w=540 540w" alt="" data-height="739" data-id="65" data-link="/?attachment_id=65" data-url="/wp-content/uploads/2023/10/aa5b4096-8816-8b00-e0a6-001931327057.jpg" data-width="540" src="/wp-content/uploads/2023/10/aa5b4096-8816-8b00-e0a6-001931327057.jpg" data-amp-layout="responsive"/></figure></div></div></div></div>
]]></content:encoded>
					
		
		
			</item>
	</channel>
</rss>
